date,amount,category,description,payment_method
2023-01-01,521.0,Health,,UPI
2023-01-04,1072.13,Groceries,Fresh produce order,Cash
2023-01-04,422.04,Food,Street food snack,Net Banking
2023-01-05,866.77,Entertainment,Theme park entry,Credit Card
2023-01-06,397.57,Food,Swiggy order,Debit Card
2023-01-07,40.0,,Bus ticket,Debit Card
2023-01-09,680.45,Entertainment,Bowling with friends,UPI
2023-01-09,2218.03,Shopping,Online shopping cart,Credit Card
2023-01-10,1189.5,,,UPI
2023-01-10,3362.56,Education,Book purchase,Net Banking
2023-01-12,1053.38,Health,Gym membership,UPI
2023-01-13,689.2,Entertainment,Bowling with friends,Cash
2023-01-14,186.75,Food,Family dinner,UPI
2023-01-14,,Shopping,Shoe shopping,Credit Card
2023-01-16,940.32,Travel,Uber ride,Net Banking
2023-01-16,461.29,Food,Family dinner,Credit Card
2023-01-16,851.7,Bills,Mobile recharge,Net Banking
2023-01-18,1578.45,Groceries,BigBasket order,UPI
2023-01-18,357.46,Food,Office lunch,Debit Card
2023-01-19,3917.51,Shopping,Home decor item,Cash
2023-01-20,435.86,Food,Street food snack,Credit Card
2023-01-21,2812.71,Groceries,Vegetable market,UPI
2023-01-21,769.05,Food,Cafe breakfast,Cash
2023-01-24,2381.49,Bills,Subscription renewal,Net Banking
2023-01-24,378.73,Entertainment,Bowling with friends,Cash
2023-01-24,518.61,Entertainment,Concert pass,Credit Card
2023-01-25,380.39,Food,Restaurant bill,UPI
2023-01-25,817.52,Bills,Water bill,Debit Card
2023-01-26,328.91,Travel,Fuel refill,UPI
2023-01-26,1322.66,Health,Gym membership,Credit Card
2023-01-26,5966.82,Bills,Gas bill,UPI
2023-01-27,296.34,Food,Family dinner,UPI
2023-01-28,3916.25,Education,Tuition payment,UPI
2023-01-28,638.43,Entertainment,Streaming service payment,Net Banking
2023-01-30,1257.62,Bills,Mobile recharge,Debit Card
2023-02-02,2522.5,Shopping,Amazon purchase,UPI
2023-02-03,2801.11,Shopping,Gift purchase,UPI
2023-02-04,1695.23,Groceries,Household essentials,UPI
2023-02-05,917.99,Entertainment,Movie tickets,Credit Card
2023-02-05,395.63,Food,Cafe breakfast,UPI
2023-02-05,219.16,Food,Family dinner,UPI
2023-02-06,435.49,Food,Family dinner,Credit Card
2023-02-07,902.23,Travel,Train booking,Cash
2023-02-08,408.04,Food,Street food snack,UPI
2023-02-08,2018.81,Education,Workshop ticket,Debit Card
2023-02-09,661.44,Health,Doctor consultation,UPI
2023-02-10,285.91,Food,Family dinner,UPI
2023-02-10,373.05,Food,Pizza takeaway,Credit Card
2023-02-11,792.2,Entertainment,Bowling with friends,Credit Card
2023-02-12,1994.08,Bills,Insurance premium,Credit Card
2023-02-12,3608.15,Education,Certification fee,Credit Card
2023-02-12,443.71,Food,Office lunch,UPI
2023-02-13,317.73,Food,Swiggy order,Cash
2023-02-15,278.75,Food,Swiggy order,Credit Card
2023-02-16,589.09,Entertainment,Bowling with friends,UPI
2023-02-16,511.5,Entertainment,OTT subscription,Cash
2023-02-16,1373.52,Groceries,Dairy products purchase,UPI
2023-02-19,138.87,Shopping,,Credit Card
2023-02-20,488.58,Food,Swiggy order,UPI
2023-02-20,313.93,Entertainment,Movie tickets,Credit Card
2023-02-20,40.0,Health,Health supplement,Net Banking
2023-02-20,236.12,Food,Pizza takeaway,UPI
2023-02-20,1604.09,Shopping,Shoe shopping,Credit Card
2023-02-21,675.61,Health,Health supplement,Credit Card
2023-02-22,1263.05,,Uber ride,Net Banking
2023-02-24,2211.13,Bills,Rent payment,Net Banking
2023-02-25,192.49,Travel,Uber ride,UPI
2023-02-25,364.7,Health,Dental checkup,Net Banking
2023-02-26,1954.94,Health,Pharmacy purchase,UPI
2023-02-26,363.56,Food,Pizza takeaway,Credit Card
2023-02-26,5928.43,Groceries,Supermarket shopping,Credit Card
2023-03-02,460.56,Health,Eye checkup,Credit Card
2023-03-02,1178.05,Groceries,Dairy products purchase,Debit Card
2023-03-03,634.34,Food,Family dinner,Credit Card
2023-03-03,609.48,Travel,Uber ride,Credit Card
2023-03-04,739.26,Health,Doctor consultation,Debit Card
2023-03-05,2022.24,Shopping,Electronics accessory,Credit Card
2023-03-05,2968.02,Bills,Subscription renewal,Credit Card
2023-03-06,1314.6,Travel,Fuel refill,Debit Card
2023-03-06,1717.44,Travel,Train booking,Debit Card
2023-03-07,925.34,Health,Dental checkup,UPI
2023-03-08,1156.37,Travel,Flight booking,Credit Card
2023-03-08,995.45,Travel,,UPI
2023-03-09,1715.13,Health,Gym membership,UPI
2023-03-09,1267.04,Bills,Internet payment,Credit Card
2023-03-13,180.65,Food,Swiggy order,UPI
2023-03-15,497.25,Food,Pizza takeaway,UPI
2023-03-15,410.78,Food,Office lunch,Credit Card
2023-03-16,487.46,Food,Office lunch,UPI
2023-03-16,406.91,Food,Office lunch,Cash
2023-03-16,1785.58,Shopping,Home decor item,Credit Card
2023-03-16,364.06,Food,Zomato dinner,Debit Card
2023-03-17,260.86,Food,Zomato dinner,UPI
2023-03-18,2634.36,Shopping,Shoe shopping,Net Banking
2023-03-18,2162.89,Bills,Water bill,UPI
2023-03-19,726.67,Entertainment,Movie tickets,UPI
2023-03-20,2094.78,Groceries,Vegetable market,Net Banking
2023-03-20,560.74,Food,Zomato dinner,UPI
2023-03-20,1082.2,Health,,Credit Card
2023-03-20,1289.67,Groceries,Supermarket shopping,Debit Card
2023-03-20,2877.15,Bills,Water bill,Debit Card
2023-03-21,520.15,Food,Office lunch,Debit Card
2023-03-22,776.11,Travel,Bus ticket,Net Banking
2023-03-23,393.58,Food,Restaurant bill,UPI
2023-03-23,2415.35,Education,Online course fee,Debit Card
2023-03-24,1386.87,Bills,Water bill,Net Banking
2023-03-27,3146.87,Bills,Rent payment,Net Banking
2023-03-27,352.28,Food,Zomato dinner,Credit Card
2023-03-27,2279.05,Education,Workshop ticket,Net Banking
2023-03-30,389.83,Food,Family dinner,UPI
2023-03-30,3174.12,Bills,Water bill,Debit Card
2023-04-01,837.26,Groceries,Vegetable market,Debit Card
2023-04-02,4997.11,Bills,Rent payment,Net Banking
2023-04-04,1635.63,Groceries,Supermarket shopping,UPI
2023-04-04,1510.99,Groceries,Monthly groceries,UPI
2023-04-06,328.72,Food,Family dinner,UPI
2023-04-06,449.35,Food,Family dinner,Debit Card
2023-04-07,1192.88,Entertainment,Movie tickets,UPI
2023-04-07,451.72,Food,Office lunch,UPI
2023-04-07,1183.94,Groceries,Dairy products purchase,UPI
2023-04-08,1940.28,Bills,Internet payment,Credit Card
2023-04-09,3005.8,Groceries,BigBasket order,UPI
2023-04-09,4490.2,Education,Tuition payment,Credit Card
2023-04-10,996.72,Entertainment,Gaming recharge,Credit Card
2023-04-11,488.87,Food,Cafe breakfast,Credit Card
2023-04-13,741.54,Groceries,BigBasket order,UPI
2023-04-13,2758.68,Bills,Internet payment,Credit Card
2023-04-14,1221.71,Entertainment,Theme park entry,Debit Card
2023-04-14,1599.56,Bills,Internet payment,Net Banking
2023-04-15,1131.35,Shopping,Amazon purchase,UPI
2023-04-15,2778.47,Bills,Insurance premium,Credit Card
2023-04-17,742.17,Groceries,Dairy products purchase,Debit Card
2023-04-17,184.24,Food,Street food snack,UPI
2023-04-18,2195.68,Shopping,Flipkart order,Credit Card
2023-04-18,460.77,Food,Cafe breakfast,UPI
2023-04-18,1215.99,Travel,Parking charge,Credit Card
2023-04-19,2029.85,Groceries,Dairy products purchase,Debit Card
2023-04-20,4305.17,Shopping,Flipkart order,Debit Card
2023-04-20,1979.0,Bills,Insurance premium,Net Banking
2023-04-21,487.4,Food,Swiggy order,Debit Card
2023-04-23,448.17,Food,Restaurant bill,UPI
2023-04-23,3801.39,Bills,Subscription renewal,Net Banking
2023-04-23,406.43,Food,Zomato dinner,
2023-04-23,8938.44,Groceries,Household essentials,Cash
2023-04-23,320.79,,Eye checkup,Debit Card
2023-04-25,3380.97,Education,Workshop ticket,Credit Card
2023-04-25,1625.54,Groceries,Vegetable market,UPI
2023-04-25,1702.93,Shopping,Electronics accessory,Debit Card
2023-04-26,1964.11,Bills,Subscription renewal,Debit Card
2023-04-27,1804.55,Shopping,Amazon purchase,UPI
2023-04-29,1910.47,Health,Eye checkup,Net Banking
2023-04-29,3621.88,Bills,Internet payment,Net Banking
2023-04-30,228.81,Travel,Bus ticket,Net Banking
2023-04-30,1603.85,Entertainment,Gaming recharge,UPI
2023-04-30,1641.46,Travel,Metro recharge,Credit Card
2023-04-30,532.95,Food,Restaurant bill,UPI
2023-05-02,2873.97,Bills,Internet payment,UPI
2023-05-03,2000.72,Travel,Cab to office,Debit Card
2023-05-03,227.71,Food,Restaurant bill,UPI
2023-05-03,1528.35,Groceries,Vegetable market,UPI
2023-05-05,1564.3,Shopping,Clothing store,Credit Card
2023-05-05,851.47,Food,Pizza takeaway,UPI
2023-05-07,513.54,Food,Cafe breakfast,UPI
2023-05-08,766.48,Shopping,Online shopping cart,UPI
2023-05-08,3296.79,Education,Book purchase,UPI
2023-05-10,1465.9,Groceries,BigBasket order,Net Banking
2023-05-10,815.16,Groceries,Monthly groceries,Debit Card
2023-05-10,241.28,Food,Office lunch,Debit Card
2023-05-11,549.97,Food,Pizza takeaway,UPI
2023-05-12,1912.8,Bills,Internet payment,Net Banking
2023-05-12,3389.92,Bills,Insurance premium,Debit Card
2023-05-13,1792.62,Groceries,Household essentials,Debit Card
2023-05-14,1689.13,Groceries,Monthly groceries,Cash
2023-05-14,486.49,Entertainment,Weekend outing,UPI
2023-05-15,4733.0,Bills,Electricity bill,Net Banking
2023-05-16,1175.58,Entertainment,Concert pass,Net Banking
2023-05-17,520.19,Food,Office lunch,Debit Card
2023-05-19,468.8,Food,Office lunch,Credit Card
2023-05-20,2554.57,Health,Gym membership,Credit Card
2023-05-20,1162.58,Groceries,Dairy products purchase,Cash
2023-05-21,587.13,Food,Cafe breakfast,UPI
2023-05-21,934.67,Shopping,Home decor item,Credit Card
2023-05-21,4340.04,Travel,Bus ticket,UPI
2023-05-22,2516.41,Bills,Subscription renewal,Net Banking
2023-05-23,2075.91,Bills,Internet payment,Credit Card
2023-05-24,237.86,Health,Dental checkup,Credit Card
2023-05-24,3130.41,Bills,Insurance premium,Debit Card
2023-05-24,1551.74,Health,Hospital visit,UPI
2023-05-24,1577.24,Groceries,Dairy products purchase,UPI
2023-05-24,344.94,Food,Zomato dinner,UPI
2023-05-26,1611.09,Groceries,Vegetable market,Debit Card
2023-05-26,406.91,Food,Pizza takeaway,Cash
2023-05-26,4473.06,Education,Certification fee,Credit Card
2023-05-27,1926.79,Health,Hospital visit,Net Banking
2023-05-28,333.81,Food,Cafe breakfast,Credit Card
2023-05-29,734.14,Entertainment,Gaming recharge,Credit Card
2023-05-29,2713.24,Groceries,,Cash
2023-05-30,1575.3,Shopping,Gift purchase,UPI
2023-06-03,2304.25,Bills,Electricity bill,UPI
2023-06-03,280.29,Food,Family dinner,UPI
2023-06-03,399.43,Food,Street food snack,UPI
2023-06-03,1538.84,Travel,Cab to office,Cash
2023-06-03,1009.75,Groceries,Local grocery shop,UPI
2023-06-04,395.15,Travel,Parking charge,Net Banking
2023-06-04,1179.89,Health,Eye checkup,UPI
2023-06-05,389.42,Food,Pizza takeaway,Credit Card
2023-06-05,250.83,Food,Office lunch,UPI
2023-06-07,242.69,Food,Street food snack,UPI
2023-06-08,1047.7,Education,Book purchase,Debit Card
2023-06-10,2331.72,Groceries,Supermarket shopping,Credit Card
2023-06-11,3096.85,Shopping,Shoe shopping,UPI
2023-06-13,326.23,Food,Swiggy order,UPI
2023-06-14,1544.86,Travel,Uber ride,Credit Card
2023-06-15,767.13,Health,Pharmacy purchase,Debit Card
2023-06-15,499.52,Entertainment,Weekend outing,Cash
2023-06-15,326.12,Food,Pizza takeaway,UPI
2023-06-16,3373.96,Bills,Insurance premium,Net Banking
2023-06-17,1793.44,Travel,Bus ticket,UPI
2023-06-17,2230.5,Groceries,Fresh produce order,UPI
2023-06-18,867.3,Food,Pizza takeaway,UPI
2023-06-18,1585.9,Groceries,Fresh produce order,Cash
2023-06-19,3081.44,Shopping,Amazon purchase,Credit Card
2023-06-19,2250.53,Bills,Electricity bill,UPI
2023-06-20,1680.77,Groceries,Local grocery shop,Credit Card
2023-06-20,336.53,Food,Swiggy order,Credit Card
2023-06-21,13577.78,Shopping,Electronics accessory,UPI
2023-06-21,837.38,Shopping,Flipkart order,Credit Card
2023-06-21,1434.05,Groceries,Household essentials,Credit Card
2023-06-21,718.97,,BigBasket order,UPI
2023-06-24,1429.65,Entertainment,Theme park entry,UPI
2023-06-25,979.67,Travel,Train booking,Credit Card
2023-06-26,626.08,Groceries,Dairy products purchase,Cash
2023-06-26,359.87,Entertainment,Weekend outing,UPI
2023-06-27,75.68,Food,Family dinner,
2023-06-27,2504.8,Shopping,Flipkart order,Debit Card
2023-06-28,313.64,Food,Family dinner,UPI
2023-06-29,1790.47,Groceries,Local grocery shop,Net Banking
2023-06-30,617.75,Food,Pizza takeaway,Credit Card
2023-07-01,873.61,Entertainment,Concert pass,UPI
2023-07-01,339.85,Travel,Metro recharge,UPI
2023-07-03,41.65,Shopping,Clothing store,UPI
2023-07-03,686.5,Entertainment,Bowling with friends,UPI
2023-07-05,1042.08,Entertainment,Gaming recharge,Credit Card
2023-07-05,919.87,Entertainment,Streaming service payment,Credit Card
2023-07-05,3347.04,Bills,Internet payment,Net Banking
2023-07-06,503.36,Bills,Internet payment,UPI
2023-07-06,569.89,Health,Health supplement,Credit Card
2023-07-06,4468.74,Education,Online course fee,Debit Card
2023-07-06,1190.26,Travel,Parking charge,UPI
2023-07-09,2168.04,Groceries,Vegetable market,UPI
2023-07-10,1266.51,Shopping,Flipkart order,Cash
2023-07-11,2263.1,Bills,Subscription renewal,UPI
2023-07-11,459.96,Food,Street food snack,UPI
2023-07-11,7487.3,Bills,Water bill,UPI
2023-07-11,4889.19,Health,Pharmacy purchase,Debit Card
2023-07-12,313.41,Food,Swiggy order,UPI
2023-07-13,1095.45,Groceries,Household essentials,UPI
2023-07-13,396.98,Food,Zomato dinner,UPI
2023-07-13,2284.89,Bills,Insurance premium,Debit Card
2023-07-13,40.0,Shopping,Home decor item,Credit Card
2023-07-14,1668.71,Groceries,Household essentials,Cash
2023-07-15,669.27,Entertainment,Weekend outing,UPI
2023-07-15,1093.39,Entertainment,,Credit Card
2023-07-17,1415.79,Groceries,Supermarket shopping,UPI
2023-07-18,1746.27,Shopping,Gift purchase,Debit Card
2023-07-18,2982.83,Education,Coaching class fee,Debit Card
2023-07-19,789.14,Health,Eye checkup,Debit Card
2023-07-21,1149.89,Groceries,Supermarket shopping,Net Banking
2023-07-21,769.87,Food,Family dinner,UPI
2023-07-22,1334.99,Groceries,Supermarket shopping,UPI
2023-07-23,462.58,Food,,Debit Card
2023-07-23,461.2,Food,Family dinner,Credit Card
2023-07-24,241.08,Food,Restaurant bill,UPI
2023-07-25,281.22,Food,Restaurant bill,UPI
2023-07-25,1697.35,Groceries,BigBasket order,UPI
2023-07-25,1286.94,Shopping,Shoe shopping,Credit Card
2023-07-26,2821.05,Health,Eye checkup,Debit Card
2023-07-26,305.5,Food,Zomato dinner,UPI
2023-07-26,2038.24,Groceries,Local grocery shop,UPI
2023-07-26,437.18,Entertainment,Concert pass,Net Banking
2023-07-27,1448.34,Health,Eye checkup,UPI
2023-07-27,2084.39,Groceries,Fresh produce order,
2023-07-28,2153.97,Shopping,Home decor item,UPI
2023-07-28,1012.3,Groceries,BigBasket order,UPI
2023-07-29,1668.25,Groceries,Local grocery shop,UPI
2023-07-30,2510.32,Groceries,Vegetable market,Credit Card
2023-07-30,2126.67,Groceries,Fresh produce order,Cash
2023-07-31,428.88,Food,Office lunch,UPI
2023-08-02,1143.18,Groceries,Vegetable market,UPI
2023-08-02,796.02,Travel,Uber ride,UPI
2023-08-03,399.19,Food,Restaurant bill,Credit Card
2023-08-04,1837.7,Health,Hospital visit,Debit Card
2023-08-04,455.19,Food,Pizza takeaway,Cash
2023-08-04,1630.37,Groceries,Vegetable market,Cash
2023-08-04,1758.58,Travel,Cab to office,Cash
2023-08-05,825.28,Entertainment,Streaming service payment,UPI
2023-08-06,1926.78,Groceries,Dairy products purchase,Debit Card
2023-08-07,3815.65,Education,Workshop ticket,UPI
2023-08-07,3429.31,Bills,Insurance premium,Net Banking
2023-08-08,2312.54,Food,Office lunch,Credit Card
2023-08-08,2218.03,Bills,Rent payment,Net Banking
2023-08-09,284.27,Food,Street food snack,UPI
2023-08-09,1083.49,Shopping,Shoe shopping,UPI
2023-08-10,3272.4,Bills,Subscription renewal,Net Banking
2023-08-11,646.55,Shopping,Amazon purchase,UPI
2023-08-12,2251.8,Health,Dental checkup,Debit Card
2023-08-13,2101.96,Shopping,Amazon purchase,Net Banking
2023-08-14,1598.37,Shopping,Amazon purchase,Credit Card
2023-08-15,482.87,Food,Office lunch,Credit Card
2023-08-16,1408.49,Travel,Bus ticket,Credit Card
2023-08-16,1113.57,Groceries,Household essentials,Cash
2023-08-16,1414.84,Health,Hospital visit,Net Banking
2023-08-17,1950.19,,Vegetable market,Net Banking
2023-08-19,1961.79,Education,Study material order,UPI
2023-08-20,1484.91,Shopping,Gift purchase,Net Banking
2023-08-21,1340.22,Bills,Insurance premium,Credit Card
2023-08-21,1956.06,Education,Study material order,Debit Card
2023-08-22,2719.04,Bills,Internet payment,Net Banking
2023-08-23,900.7,Education,Exam registration,Credit Card
2023-08-24,2670.65,Shopping,Amazon purchase,Credit Card
2023-08-25,470.91,Food,Family dinner,UPI
2023-08-25,1694.32,Groceries,Monthly groceries,Cash
2023-08-25,216.86,Food,Swiggy order,UPI
2023-08-25,1036.4,Travel,Flight booking,UPI
2023-08-26,10538.91,Bills,Internet payment,Debit Card
2023-08-26,1046.52,Entertainment,Streaming service payment,Cash
2023-08-29,1210.75,Travel,Uber ride,Net Banking
2023-08-30,216.58,Food,Pizza takeaway,UPI
2023-08-31,237.4,Food,Cafe breakfast,UPI
2023-09-01,2110.3,Shopping,Home decor item,Credit Card
2023-09-01,545.2,Food,Swiggy order,UPI
2023-09-02,4217.34,Bills,Internet payment,Net Banking
2023-09-03,876.96,Entertainment,Bowling with friends,Net Banking
2023-09-03,1520.06,Groceries,BigBasket order,Debit Card
2023-09-03,1973.3,Education,Book purchase,Debit Card
2023-09-03,1624.93,Groceries,Vegetable market,UPI
2023-09-04,177.21,Food,Cafe breakfast,Debit Card
2023-09-04,415.75,Food,Restaurant bill,UPI
2023-09-04,2136.71,Groceries,Supermarket shopping,UPI
2023-09-04,2389.56,Bills,Electricity bill,Net Banking
2023-09-05,242.86,Food,,Credit Card
2023-09-05,254.34,Entertainment,Gaming recharge,Credit Card
2023-09-06,1826.89,Travel,Flight booking,Credit Card
2023-09-06,3034.99,Bills,Internet payment,Net Banking
2023-09-06,563.45,Shopping,Online shopping cart,Credit Card
2023-09-07,900.01,Groceries,Local grocery shop,UPI
2023-09-07,471.34,Entertainment,Bowling with friends,UPI
2023-09-08,482.8,Food,Zomato dinner,Credit Card
2023-09-10,3449.45,Bills,Gas bill,Credit Card
2023-09-10,926.52,Bills,Mobile recharge,Net Banking
2023-09-11,525.99,Food,Cafe breakfast,Credit Card
2023-09-12,574.39,Health,Health supplement,Net Banking
2023-09-15,1926.43,Shopping,Clothing store,Credit Card
2023-09-15,395.69,Food,Zomato dinner,UPI
2023-09-16,1798.45,Groceries,Household essentials,UPI
2023-09-17,2030.93,Travel,Parking charge,UPI
2023-09-17,564.26,Food,Cafe breakfast,Credit Card
2023-09-18,1039.0,Groceries,Vegetable market,UPI
2023-09-19,1627.19,Travel,Metro recharge,UPI
2023-09-19,1145.83,Health,Eye checkup,Net Banking
2023-09-21,633.57,Groceries,Fresh produce order,Cash
2023-09-21,378.99,Food,Restaurant bill,Credit Card
2023-09-21,275.71,Food,Cafe breakfast,Cash
2023-09-22,2445.98,Shopping,Home decor item,Net Banking
2023-09-22,1981.64,Bills,Mobile recharge,Debit Card
2023-09-22,549.1,Food,Cafe breakfast,UPI
2023-09-24,731.21,Entertainment,,Net Banking
2023-09-25,2531.33,Bills,Electricity bill,Net Banking
2023-09-27,1873.65,Bills,Electricity bill,Debit Card
2023-09-27,598.99,Travel,,Credit Card
2023-09-27,1797.89,Shopping,Clothing store,Net Banking
2023-09-28,3686.3,Education,Exam registration,Credit Card
2023-09-28,603.6,Entertainment,Weekend outing,Debit Card
2023-09-28,2865.07,Shopping,Electronics accessory,UPI
2023-09-29,1042.07,Groceries,Local grocery shop,Debit Card
2023-09-29,1446.12,Health,Health supplement,Credit Card
2023-09-30,526.91,Food,Street food snack,UPI
2023-09-30,1986.02,Groceries,Vegetable market,UPI
2023-09-30,934.74,Entertainment,OTT subscription,Debit Card
2023-10-01,998.21,Food,Cafe breakfast,UPI
2023-10-01,2555.47,Groceries,BigBasket order,UPI
2023-10-02,311.26,Food,Street food snack,Net Banking
2023-10-03,1176.94,Groceries,Supermarket shopping,Cash
2023-10-05,668.5,Entertainment,OTT subscription,Credit Card
2023-10-05,490.53,Entertainment,Concert pass,Credit Card
2023-10-05,3688.32,Shopping,Flipkart order,Debit Card
2023-10-06,3813.19,Shopping,Online shopping cart,Credit Card
2023-10-07,809.64,Bills,Internet payment,Net Banking
2023-10-07,2121.71,Shopping,Online shopping cart,Credit Card
2023-10-08,1169.18,Travel,Fuel refill,UPI
2023-10-09,1020.36,Shopping,Online shopping cart,Cash
2023-10-09,461.54,Food,Pizza takeaway,UPI
2023-10-10,1407.84,Education,Tuition payment,Debit Card
2023-10-10,1170.8,Groceries,Fresh produce order,UPI
2023-10-10,1229.1,Shopping,Electronics accessory,UPI
2023-10-11,1051.13,Travel,Uber ride,Debit Card
2023-10-11,1869.0,Groceries,Dairy products purchase,
2023-10-11,308.95,Education,Exam registration,Net Banking
2023-10-11,2902.61,Bills,Subscription renewal,Net Banking
2023-10-13,1522.12,Groceries,Dairy products purchase,Credit Card
2023-10-13,1349.15,,Hospital visit,Debit Card
2023-10-13,808.45,Entertainment,Concert pass,Cash
2023-10-14,228.48,Food,Restaurant bill,Cash
2023-10-15,1622.93,Groceries,Monthly groceries,UPI
2023-10-16,15599.19,Bills,Rent payment,Credit Card
2023-10-16,1478.97,Groceries,Fresh produce order,UPI
2023-10-16,1254.86,Education,Coaching class fee,UPI
2023-10-16,784.93,Health,Doctor consultation,Credit Card
2023-10-17,512.18,Entertainment,Weekend outing,Credit Card
2023-10-17,353.74,Health,Hospital visit,Cash
2023-10-18,885.2,Groceries,Supermarket shopping,Debit Card
2023-10-18,1271.17,Bills,Water bill,Net Banking
2023-10-19,2788.59,Bills,Subscription renewal,UPI
2023-10-19,370.55,Food,Zomato dinner,UPI
2023-10-19,342.93,Food,Pizza takeaway,UPI
2023-10-21,1263.29,Groceries,Dairy products purchase,Debit Card
2023-10-22,3492.13,Shopping,Clothing store,Debit Card
2023-10-22,1352.32,Shopping,Clothing store,Cash
2023-10-23,428.11,Health,Medical test,UPI
2023-10-24,4057.42,Entertainment,Gaming recharge,Credit Card
2023-10-24,1718.6,Shopping,Online shopping cart,Credit Card
2023-10-26,2004.49,Education,Study material order,UPI
2023-10-26,40.0,Education,Book purchase,Debit Card
2023-10-27,292.48,Entertainment,Gaming recharge,Debit Card
2023-10-27,507.32,Food,Cafe breakfast,UPI
2023-10-28,4060.07,Bills,Mobile recharge,UPI
2023-10-28,3255.53,Shopping,Online shopping cart,Debit Card
2023-10-29,2903.84,Bills,Mobile recharge,UPI
2023-10-30,1283.69,Bills,Gas bill,Net Banking
2023-10-30,1005.64,Entertainment,Movie tickets,Net Banking
2023-10-30,1086.98,Entertainment,Movie tickets,Debit Card
2023-10-31,1222.71,Groceries,BigBasket order,UPI
2023-10-31,1163.21,Travel,Metro recharge,UPI
2023-11-03,1495.4,Bills,Gas bill,UPI
2023-11-03,1806.63,Groceries,Local grocery shop,Net Banking
2023-11-03,1480.98,Travel,Uber ride,Credit Card
2023-11-06,731.25,Travel,Parking charge,UPI
2023-11-06,2710.15,Bills,Internet payment,Net Banking
2023-11-08,673.62,Groceries,Fresh produce order,UPI
2023-11-08,3284.71,Education,Exam registration,Credit Card
2023-11-09,1078.13,Groceries,Vegetable market,UPI
2023-11-09,815.81,Travel,Bus ticket,Credit Card
2023-11-11,326.41,Food,Restaurant bill,UPI
2023-11-11,1191.47,Shopping,Shoe shopping,Debit Card
2023-11-12,1267.92,Entertainment,Bowling with friends,UPI
2023-11-14,1354.13,Travel,Parking charge,UPI
2023-11-14,766.41,Entertainment,OTT subscription,UPI
2023-11-14,267.01,Food,Cafe breakfast,UPI
2023-11-14,187.25,Food,Swiggy order,UPI
2023-11-15,311.53,Food,Zomato dinner,UPI
2023-11-16,2321.16,Bills,Electricity bill,Debit Card
2023-11-16,1584.68,Groceries,Monthly groceries,Credit Card
2023-11-16,3081.79,,Certification fee,UPI
2023-11-19,432.48,Food,Restaurant bill,Credit Card
2023-11-20,2847.18,Bills,Rent payment,Debit Card
2023-11-20,4339.16,Shopping,Shoe shopping,Credit Card
2023-11-21,2321.86,Education,Coaching class fee,UPI
2023-11-22,397.57,Food,Zomato dinner,UPI
2023-11-22,231.38,Food,Zomato dinner,UPI
2023-11-23,1187.55,Travel,Parking charge,UPI
2023-11-25,495.72,Food,Pizza takeaway,UPI
2023-11-26,2938.41,Bills,Gas bill,Net Banking
2023-11-27,448.46,Food,Family dinner,Credit Card
2023-11-27,1214.81,Groceries,Dairy products purchase,Net Banking
2023-11-29,2950.22,Shopping,Flipkart order,Credit Card
2023-11-29,511.4,Food,Restaurant bill,Cash
2023-11-29,1500.5,Education,Exam registration,Debit Card
2023-11-29,233.51,Food,Cafe breakfast,Debit Card
2023-11-29,1099.5,Health,Pharmacy purchase,Net Banking
2023-12-02,2846.65,Education,Book purchase,Credit Card
2023-12-02,3067.99,Bills,Water bill,Credit Card
2023-12-03,2211.33,Bills,Rent payment,UPI
2023-12-04,620.37,Shopping,Shoe shopping,Net Banking
2023-12-04,1569.49,Health,Gym membership,Net Banking
2023-12-04,2730.03,Groceries,,Debit Card
2023-12-04,2294.02,Bills,Insurance premium,Debit Card
2023-12-04,341.72,Health,Dental checkup,UPI
2023-12-05,3161.33,Bills,Water bill,Net Banking
2023-12-05,1391.94,Shopping,Clothing store,Credit Card
2023-12-06,2486.78,Bills,Mobile recharge,UPI
2023-12-07,760.37,Groceries,Fresh produce order,Cash
2023-12-09,2075.24,Groceries,Vegetable market,UPI
2023-12-10,303.16,Food,Restaurant bill,UPI
2023-12-11,283.75,Education,Online course fee,UPI
2023-12-11,1206.27,Entertainment,OTT subscription,UPI
2023-12-11,329.46,Food,Swiggy order,Debit Card
2023-12-11,3230.13,Bills,Subscription renewal,Net Banking
2023-12-13,383.55,Entertainment,OTT subscription,Cash
2023-12-13,636.67,Entertainment,OTT subscription,Net Banking
2023-12-14,348.46,Food,Swiggy order,UPI
2023-12-17,1968.92,Shopping,Clothing store,Credit Card
2023-12-17,2898.92,Education,Online course fee,Net Banking
2023-12-18,1587.37,Travel,Metro recharge,Credit Card
2023-12-20,396.36,Food,Office lunch,Cash
2023-12-21,1068.19,Entertainment,Theme park entry,Net Banking
2023-12-21,378.75,Food,Restaurant bill,Debit Card
2023-12-21,1386.03,Health,Eye checkup,Credit Card
2023-12-22,1493.73,Groceries,Local grocery shop,Debit Card
2023-12-23,2867.72,Bills,Rent payment,UPI
2023-12-24,2107.27,Travel,Bus ticket,Debit Card
2023-12-24,5061.94,Bills,Water bill,UPI
2023-12-25,1357.2,Groceries,Dairy products purchase,Debit Card
2023-12-25,616.68,Health,Dental checkup,Credit Card
2023-12-26,1863.63,Groceries,Monthly groceries,UPI
2023-12-26,1208.69,Health,Eye checkup,Cash
2023-12-26,404.24,Entertainment,Streaming service payment,UPI
2023-12-27,113.64,Food,Swiggy order,UPI
2023-12-27,360.18,Food,Zomato dinner,Credit Card
2023-12-28,1218.9,Groceries,,Net Banking
2023-12-28,1619.32,Health,Pharmacy purchase,Cash
2023-12-29,3511.76,Education,Online course fee,Credit Card
2023-12-29,3374.35,Shopping,Amazon purchase,Credit Card
2023-12-31,3450.47,Bills,Rent payment,Net Banking
2024-01-01,498.62,Entertainment,Streaming service payment,UPI
2024-01-01,1688.66,Groceries,Monthly groceries,Debit Card
2024-01-03,646.5,Entertainment,Theme park entry,Credit Card
2024-01-03,2520.81,Bills,Electricity bill,Debit Card
2024-01-03,2239.95,Groceries,Supermarket shopping,Debit Card
2024-01-04,1033.49,Groceries,Household essentials,UPI
2024-01-04,363.68,Food,Restaurant bill,Cash
2024-01-05,1224.06,Groceries,Supermarket shopping,UPI
2024-01-05,2252.95,Groceries,Fresh produce order,UPI
2024-01-05,514.96,Entertainment,Theme park entry,UPI
2024-01-05,246.9,Food,Street food snack,Cash
2024-01-06,1343.43,Entertainment,OTT subscription,UPI
2024-01-07,1398.83,Entertainment,Concert pass,UPI
2024-01-07,3702.62,Shopping,Shoe shopping,UPI
2024-01-07,1470.37,Health,Hospital visit,Credit Card
2024-01-08,143.81,Food,Office lunch,UPI
2024-01-08,1797.17,Groceries,Local grocery shop,Cash
2024-01-09,1552.46,Shopping,Online shopping cart,Credit Card
2024-01-09,854.08,Shopping,Electronics accessory,Credit Card
2024-01-10,3555.1,Shopping,Amazon purchase,Credit Card
2024-01-10,240.21,Food,Swiggy order,UPI
2024-01-11,2343.38,Bills,Electricity bill,Net Banking
2024-01-11,285.94,Food,Street food snack,UPI
2024-01-12,338.69,Food,Zomato dinner,UPI
2024-01-13,10749.87,Groceries,Dairy products purchase,UPI
2024-01-13,2600.25,Groceries,Dairy products purchase,Debit Card
2024-01-13,1088.5,Groceries,Supermarket shopping,Net Banking
2024-01-13,2935.99,Education,Book purchase,Net Banking
2024-01-14,1394.06,Entertainment,,UPI
2024-01-15,2823.26,Shopping,Clothing store,Credit Card
2024-01-17,498.72,Food,Office lunch,UPI
2024-01-17,1109.78,Shopping,Home decor item,Credit Card
2024-01-17,2201.53,Groceries,Household essentials,UPI
2024-01-18,1602.58,Health,Doctor consultation,Net Banking
2024-01-19,1737.17,Health,Dental checkup,Net Banking
2024-01-19,530.97,Food,Swiggy order,UPI
2024-01-19,2510.81,Shopping,Clothing store,Cash
2024-01-20,620.08,Food,Office lunch,UPI
2024-01-21,502.01,Food,Swiggy order,UPI
2024-01-21,913.17,Groceries,Fresh produce order,Net Banking
2024-01-22,774.09,Entertainment,Theme park entry,Credit Card
2024-01-22,1134.47,Groceries,Monthly groceries,Cash
2024-01-22,3193.82,Bills,Rent payment,Net Banking
2024-01-23,2244.79,Shopping,Flipkart order,Net Banking
2024-01-25,599.65,Health,Pharmacy purchase,UPI
2024-01-25,443.55,Food,Zomato dinner,UPI
2024-01-25,754.49,Travel,Cab to office,Debit Card
2024-01-28,794.78,Entertainment,OTT subscription,UPI
2024-01-29,429.53,Food,Restaurant bill,Debit Card
2024-01-29,1272.19,Health,Medical test,Net Banking
2024-01-30,995.72,Entertainment,OTT subscription,Cash
2024-01-30,3875.69,Shopping,Gift purchase,Cash
2024-01-30,41.32,Education,Online course fee,Credit Card
2024-01-31,501.59,Food,Pizza takeaway,Credit Card
2024-01-31,473.61,Food,Zomato dinner,UPI
2024-02-03,2710.14,Shopping,Online shopping cart,Debit Card
2024-02-04,469.33,Food,Cafe breakfast,UPI
2024-02-05,1200.4,Groceries,Vegetable market,Net Banking
2024-02-06,574.65,Groceries,BigBasket order,Debit Card
2024-02-06,787.64,Travel,Cab to office,UPI
2024-02-08,1638.03,Education,Certification fee,Credit Card
2024-02-09,2242.68,Groceries,Supermarket shopping,UPI
2024-02-09,1584.83,Travel,Train booking,UPI
2024-02-09,2884.64,Bills,Electricity bill,UPI
2024-02-09,206.94,Food,Restaurant bill,UPI
2024-02-11,8265.42,Education,Coaching class fee,UPI
2024-02-12,958.38,Travel,Uber ride,UPI
2024-02-12,729.17,Entertainment,Streaming service payment,Cash
2024-02-13,1678.0,Bills,Rent payment,Credit Card
2024-02-14,1557.25,Groceries,Monthly groceries,Net Banking
2024-02-14,178.57,Food,Office lunch,UPI
2024-02-15,2048.46,Education,Online course fee,Credit Card
2024-02-18,7762.7,Shopping,Electronics accessory,Credit Card
2024-02-19,,Shopping,Gift purchase,Net Banking
2024-02-19,1796.86,Groceries,Supermarket shopping,Debit Card
2024-02-19,40.0,Food,Cafe breakfast,UPI
2024-02-19,711.4,Entertainment,OTT subscription,Credit Card
2024-02-20,,Bills,Rent payment,Net Banking
2024-02-20,447.78,Food,Family dinner,Cash
2024-02-21,793.36,Entertainment,Bowling with friends,Net Banking
2024-02-24,582.38,Food,Street food snack,Credit Card
2024-02-24,290.29,Food,Pizza takeaway,
2024-02-24,2628.64,Shopping,Home decor item,Credit Card
2024-02-25,11127.99,Education,Coaching class fee,Debit Card
2024-02-27,2470.75,Shopping,Shoe shopping,Credit Card
2024-02-27,304.42,Food,Zomato dinner,UPI
2024-02-28,3095.93,Education,Study material order,Credit Card
2024-03-01,853.1,Entertainment,Bowling with friends,UPI
2024-03-02,369.66,Food,Restaurant bill,Net Banking
2024-03-03,1632.99,Groceries,Monthly groceries,Credit Card
2024-03-05,655.26,Entertainment,OTT subscription,Credit Card
2024-03-05,2596.42,Education,Exam registration,Net Banking
2024-03-05,2527.4,Health,Dental checkup,Credit Card
2024-03-06,1814.82,Groceries,Supermarket shopping,Debit Card
2024-03-06,656.01,Entertainment,Movie tickets,Debit Card
2024-03-07,400.23,Food,Street food snack,UPI
2024-03-09,1503.87,Health,Health supplement,Credit Card
2024-03-09,2689.71,Bills,Mobile recharge,Cash
2024-03-09,40.0,Bills,Gas bill,UPI
2024-03-09,1072.35,Groceries,Local grocery shop,UPI
2024-03-10,894.15,Entertainment,Bowling with friends,Cash
2024-03-13,713.47,Entertainment,Theme park entry,UPI
2024-03-14,4275.41,Shopping,Shoe shopping,Credit Card
2024-03-14,1979.6,Education,Book purchase,Net Banking
2024-03-16,747.95,Travel,Bus ticket,Net Banking
2024-03-16,1934.0,Bills,Mobile recharge,Net Banking
2024-03-16,2466.22,Bills,Water bill,Net Banking
2024-03-16,1872.72,Groceries,Monthly groceries,Credit Card
2024-03-16,536.24,Food,Zomato dinner,UPI
2024-03-17,368.22,Food,Pizza takeaway,UPI
2024-03-17,3030.68,Bills,Rent payment,Net Banking
2024-03-17,494.44,Food,Zomato dinner,UPI
2024-03-18,2514.64,Groceries,Monthly groceries,Debit Card
2024-03-18,779.2,Entertainment,Concert pass,UPI
2024-03-22,4264.07,,Shoe shopping,UPI
2024-03-22,166.12,Food,Office lunch,UPI
2024-03-23,1885.41,Food,Pizza takeaway,Net Banking
2024-03-24,3181.31,Bills,Mobile recharge,UPI
2024-03-24,2389.54,Bills,Water bill,Net Banking
2024-03-24,1276.69,Entertainment,Movie tickets,UPI
2024-03-25,40.0,Entertainment,Streaming service payment,Credit Card
2024-03-25,,Entertainment,Bowling with friends,Net Banking
2024-03-27,664.37,Entertainment,Weekend outing,Credit Card
2024-03-27,994.72,Travel,Bus ticket,Net Banking
2024-03-27,433.19,Food,Zomato dinner,Cash
2024-03-28,,Groceries,Local grocery shop,Cash
2024-03-28,234.57,Food,Cafe breakfast,Credit Card
2024-03-29,1254.52,Shopping,Clothing store,Credit Card
2024-03-29,,Bills,Insurance premium,Debit Card
2024-03-29,1880.67,Health,Health supplement,Net Banking
2024-03-29,473.78,Food,Zomato dinner,Cash
2024-03-29,1171.13,Travel,Fuel refill,Debit Card
2024-03-30,3038.19,Bills,Internet payment,Credit Card
2024-03-30,727.49,Food,Zomato dinner,UPI
2024-03-31,14963.45,Bills,Mobile recharge,Net Banking
2024-03-31,2710.85,Shopping,Amazon purchase,Debit Card
2024-04-01,3247.15,Shopping,Flipkart order,UPI
2024-04-01,109.61,Shopping,Online shopping cart,Credit Card
2024-04-02,1033.24,Shopping,Clothing store,UPI
2024-04-02,1867.33,Groceries,Monthly groceries,UPI
2024-04-03,376.08,Food,Cafe breakfast,Credit Card
2024-04-05,404.05,Food,Pizza takeaway,Debit Card
2024-04-06,1669.01,Groceries,Supermarket shopping,UPI
2024-04-06,1641.12,Entertainment,Streaming service payment,Debit Card
2024-04-07,1817.89,Health,Eye checkup,Credit Card
2024-04-08,806.74,Travel,Uber ride,Debit Card
2024-04-09,3529.97,Education,Certification fee,Cash
2024-04-09,145.96,Travel,Metro recharge,Credit Card
2024-04-09,2374.6,Bills,Rent payment,Debit Card
2024-04-10,1744.67,Shopping,Home decor item,Credit Card
2024-04-10,696.65,Groceries,Monthly groceries,Debit Card
2024-04-11,2225.19,Bills,Gas bill,Net Banking
2024-04-11,2234.98,Groceries,Supermarket shopping,Debit Card
2024-04-11,3610.9,Travel,Train booking,UPI
2024-04-15,2409.64,Bills,Rent payment,Debit Card
2024-04-16,459.08,Food,Family dinner,UPI
2024-04-16,240.27,Food,Pizza takeaway,UPI
2024-04-18,14032.5,Bills,Mobile recharge,Net Banking
2024-04-18,1144.0,Travel,Uber ride,UPI
2024-04-19,2949.79,,Subscription renewal,UPI
2024-04-20,2206.05,Groceries,Local grocery shop,UPI
2024-04-21,821.64,Entertainment,Concert pass,Net Banking
2024-04-21,609.27,Food,Street food snack,Credit Card
2024-04-22,434.23,Food,Cafe breakfast,Credit Card
2024-04-22,1395.41,Travel,Metro recharge,Credit Card
2024-04-25,5253.71,Education,Certification fee,Debit Card
2024-04-26,1958.66,Shopping,Gift purchase,Credit Card
2024-04-26,981.07,Entertainment,Weekend outing,Debit Card
2024-04-27,522.96,Food,Restaurant bill,Cash
2024-04-27,3437.02,Shopping,Amazon purchase,Cash
2024-04-28,2290.56,Bills,Electricity bill,Net Banking
2024-04-28,87.52,Shopping,Amazon purchase,Debit Card
2024-04-28,1691.64,Shopping,Clothing store,Net Banking
2024-04-28,645.32,Food,,Credit Card
2024-04-30,843.22,Entertainment,Gaming recharge,Debit Card
2024-04-30,1606.72,Groceries,Household essentials,Credit Card
2024-04-30,2869.88,Shopping,Flipkart order,Net Banking
2024-05-02,2227.85,Travel,Bus ticket,Debit Card
2024-05-02,522.9,Food,Swiggy order,UPI
2024-05-03,385.12,Food,Office lunch,
2024-05-03,3551.08,Shopping,Electronics accessory,Credit Card
2024-05-03,352.43,Entertainment,Theme park entry,Credit Card
2024-05-04,1526.67,Health,Hospital visit,UPI
2024-05-04,2300.65,Groceries,Household essentials,Credit Card
2024-05-04,924.16,Food,Cafe breakfast,UPI
2024-05-05,1937.78,Travel,Bus ticket,Cash
2024-05-06,1796.01,Groceries,BigBasket order,Debit Card
2024-05-06,3419.08,Shopping,Gift purchase,Debit Card
2024-05-06,735.89,Groceries,Supermarket shopping,UPI
2024-05-07,2546.73,Bills,Rent payment,Net Banking
2024-05-07,2352.05,Shopping,Home decor item,Cash
2024-05-07,3303.12,Shopping,Gift purchase,Credit Card
2024-05-08,1670.35,Health,Doctor consultation,Credit Card
2024-05-09,594.07,Groceries,Monthly groceries,UPI
2024-05-09,4543.34,Education,Coaching class fee,Credit Card
2024-05-10,314.8,Food,Street food snack,UPI
2024-05-10,1954.48,Groceries,Local grocery shop,UPI
2024-05-10,1456.79,Groceries,Local grocery shop,UPI
2024-05-10,40.0,Food,Street food snack,Credit Card
2024-05-10,675.15,Food,Pizza takeaway,Net Banking
2024-05-10,1151.99,Health,Gym membership,Net Banking
2024-05-12,2180.06,Groceries,Dairy products purchase,Cash
2024-05-13,583.07,Shopping,Amazon purchase,Debit Card
2024-05-13,1018.21,Entertainment,Weekend outing,Debit Card
2024-05-14,1748.34,Bills,Mobile recharge,Cash
2024-05-14,2011.47,Health,Hospital visit,Debit Card
2024-05-15,1195.9,Travel,Cab to office,UPI
2024-05-18,1208.75,Travel,Parking charge,UPI
2024-05-19,697.36,Travel,Flight booking,UPI
2024-05-20,529.75,Groceries,BigBasket order,UPI
2024-05-21,2130.58,Groceries,Local grocery shop,Debit Card
2024-05-22,249.69,Food,Pizza takeaway,UPI
2024-05-23,593.3,Food,Cafe breakfast,Credit Card
2024-05-23,432.23,Food,Cafe breakfast,Debit Card
2024-05-23,1149.14,Groceries,Fresh produce order,Debit Card
2024-05-26,766.31,Food,Pizza takeaway,UPI
2024-05-27,40.0,Shopping,Online shopping cart,UPI
2024-05-27,2025.69,Shopping,Home decor item,UPI
2024-05-27,2065.27,Bills,Insurance premium,Debit Card
2024-05-27,40.0,Shopping,Electronics accessory,UPI
2024-05-28,3306.25,Bills,Mobile recharge,Net Banking
2024-05-28,1738.53,Groceries,Fresh produce order,Credit Card
2024-05-28,1936.75,Groceries,Vegetable market,Credit Card
2024-05-28,1083.22,Entertainment,Weekend outing,Credit Card
2024-05-31,4118.02,Shopping,Electronics accessory,Credit Card
2024-05-31,497.99,Food,Cafe breakfast,UPI
2024-06-01,618.44,Food,Swiggy order,Debit Card
2024-06-01,590.96,Food,Cafe breakfast,UPI
2024-06-03,449.95,Food,Family dinner,Cash
2024-06-03,4100.42,Education,,Cash
2024-06-04,326.77,Food,Zomato dinner,UPI
2024-06-04,198.62,Bills,Gas bill,Net Banking
2024-06-04,936.33,Groceries,Supermarket shopping,UPI
2024-06-05,705.32,Entertainment,Gaming recharge,UPI
2024-06-07,1357.07,Groceries,Local grocery shop,UPI
2024-06-07,40.0,Shopping,Amazon purchase,Net Banking
2024-06-07,1332.43,Travel,Bus ticket,Credit Card
2024-06-07,1794.12,Groceries,Local grocery shop,Debit Card
2024-06-08,9536.23,Bills,Subscription renewal,UPI
2024-06-08,2220.98,Groceries,Fresh produce order,Cash
2024-06-09,1301.53,Groceries,Fresh produce order,Net Banking
2024-06-09,4581.35,Bills,Water bill,Cash
2024-06-10,403.15,Travel,Metro recharge,Debit Card
2024-06-11,2249.28,Bills,Electricity bill,Net Banking
2024-06-11,482.19,Entertainment,Theme park entry,UPI
2024-06-11,1829.38,Bills,Water bill,Net Banking
2024-06-12,965.27,Travel,Train booking,Debit Card
2024-06-12,381.61,Food,,UPI
2024-06-13,1464.15,Groceries,Supermarket shopping,UPI
2024-06-19,2644.53,,Gas bill,Debit Card
2024-06-19,191.31,Food,Office lunch,UPI
2024-06-20,2984.74,Education,Tuition payment,Net Banking
2024-06-20,2245.96,Bills,Internet payment,UPI
2024-06-22,204.98,Food,Family dinner,UPI
2024-06-23,2898.73,Bills,Insurance premium,Cash
2024-06-23,2390.13,Travel,Bus ticket,UPI
2024-06-23,1541.03,Shopping,Gift purchase,Credit Card
2024-06-24,3507.31,Bills,Insurance premium,Debit Card
2024-06-24,3065.23,Shopping,Electronics accessory,UPI
2024-06-25,1665.6,Groceries,Dairy products purchase,Credit Card
2024-06-25,319.63,Food,Restaurant bill,UPI
2024-06-26,40.0,Food,Pizza takeaway,Cash
2024-06-27,1724.15,Entertainment,Gaming recharge,UPI
2024-06-28,498.4,Entertainment,Streaming service payment,Credit Card
2024-06-29,2223.43,Groceries,BigBasket order,Credit Card
2024-07-01,1911.08,Health,Gym membership,Cash
2024-07-02,2151.29,Shopping,Shoe shopping,Debit Card
2024-07-03,3450.25,Education,Book purchase,Credit Card
2024-07-03,409.92,Food,Family dinner,Debit Card
2024-07-04,796.41,Entertainment,Theme park entry,Debit Card
2024-07-04,1461.91,Health,Medical test,Credit Card
2024-07-04,1993.73,Bills,Rent payment,UPI
2024-07-05,2404.4,Bills,Water bill,UPI
2024-07-06,2627.46,Entertainment,Weekend outing,Credit Card
2024-07-06,1067.19,Shopping,Shoe shopping,Credit Card
2024-07-06,584.9,Food,Office lunch,Debit Card
2024-07-06,706.82,Shopping,Electronics accessory,Credit Card
2024-07-07,607.76,Food,Family dinner,UPI
2024-07-07,2045.86,Groceries,Dairy products purchase,UPI
2024-07-08,340.01,Food,Zomato dinner,UPI
2024-07-08,1630.96,Groceries,Dairy products purchase,Cash
2024-07-09,2140.59,Groceries,Household essentials,Net Banking
2024-07-09,1292.8,Travel,Parking charge,UPI
2024-07-11,2000.82,Groceries,Supermarket shopping,Cash
2024-07-12,598.83,Food,Restaurant bill,Debit Card
2024-07-12,399.85,Food,Office lunch,UPI
2024-07-14,2243.52,Groceries,Vegetable market,Net Banking
2024-07-15,5163.47,Education,Book purchase,Credit Card
2024-07-15,446.14,Food,,UPI
2024-07-16,42.46,Shopping,Clothing store,UPI
2024-07-16,3697.27,Bills,Electricity bill,Net Banking
2024-07-18,1259.36,Groceries,BigBasket order,Credit Card
2024-07-18,736.46,Entertainment,Streaming service payment,Cash
2024-07-19,1029.89,Travel,Parking charge,UPI
2024-07-20,542.88,Entertainment,Gaming recharge,UPI
2024-07-22,1479.38,Shopping,Online shopping cart,Net Banking
2024-07-22,897.25,Shopping,Home decor item,Credit Card
2024-07-22,1605.29,Shopping,Home decor item,UPI
2024-07-23,1023.4,Travel,Metro recharge,Debit Card
2024-07-23,166.39,Travel,Train booking,Credit Card
2024-07-23,1187.67,Bills,Mobile recharge,UPI
2024-07-25,1124.9,Groceries,Fresh produce order,UPI
2024-07-25,40.0,Health,Doctor consultation,UPI
2024-07-26,393.52,,Zomato dinner,UPI
2024-07-26,2457.55,Groceries,BigBasket order,Cash
2024-07-27,583.42,Food,Swiggy order,UPI
2024-07-27,395.04,Food,Pizza takeaway,UPI
2024-07-28,2470.15,Education,Workshop ticket,UPI
2024-07-29,465.43,Food,Family dinner,Cash
2024-07-30,2209.29,Groceries,Monthly groceries,UPI
2024-07-31,2817.7,Bills,Subscription renewal,UPI
2024-07-31,244.89,Food,Cafe breakfast,Credit Card
2024-07-31,369.38,Entertainment,Streaming service payment,UPI
2024-08-01,921.65,Entertainment,Bowling with friends,UPI
2024-08-01,814.97,Entertainment,Movie tickets,Credit Card
2024-08-01,243.32,Food,Zomato dinner,UPI
2024-08-02,2428.05,Groceries,Fresh produce order,UPI
2024-08-02,1035.55,Travel,Uber ride,Debit Card
2024-08-03,3265.46,Bills,Internet payment,Net Banking
2024-08-04,2206.76,Groceries,Household essentials,Credit Card
2024-08-04,566.94,Food,Cafe breakfast,Credit Card
2024-08-05,556.32,Entertainment,Concert pass,Debit Card
2024-08-05,3117.77,Bills,Gas bill,UPI
2024-08-05,2042.24,Shopping,Shoe shopping,Debit Card
2024-08-06,1559.81,Travel,Bus ticket,UPI
2024-08-06,282.98,Shopping,Flipkart order,Net Banking
2024-08-06,919.69,Entertainment,Bowling with friends,Cash
2024-08-07,,Entertainment,Theme park entry,UPI
2024-08-10,1047.57,Travel,Uber ride,UPI
2024-08-11,2147.73,,Online shopping cart,UPI
2024-08-12,1286.04,Groceries,Monthly groceries,Debit Card
2024-08-13,432.0,Food,Swiggy order,UPI
2024-08-13,798.47,Entertainment,Movie tickets,Debit Card
2024-08-13,40.0,Groceries,Household essentials,Cash
2024-08-14,1950.54,Shopping,Online shopping cart,Net Banking
2024-08-15,1036.05,Entertainment,Gaming recharge,Credit Card
2024-08-16,1567.79,Shopping,Electronics accessory,Debit Card
2024-08-16,498.34,Food,Office lunch,Credit Card
2024-08-17,2736.65,Education,Study material order,Credit Card
2024-08-17,2121.69,Shopping,Amazon purchase,Debit Card
2024-08-18,5285.84,Education,Tuition payment,Net Banking
2024-08-18,5476.2,Health,Dental checkup,UPI
2024-08-20,997.55,Travel,Train booking,Credit Card
2024-08-21,1885.62,Groceries,BigBasket order,UPI
2024-08-22,1138.4,Groceries,BigBasket order,UPI
2024-08-22,1280.56,Bills,Water bill,UPI
2024-08-23,642.84,Entertainment,Movie tickets,Net Banking
2024-08-23,2514.28,Travel,Parking charge,Cash
2024-08-23,866.4,Bills,Mobile recharge,Net Banking
2024-08-25,1771.45,Travel,Parking charge,Credit Card
2024-08-26,4008.74,Education,Workshop ticket,UPI
2024-08-26,922.12,Entertainment,OTT subscription,UPI
2024-08-26,4860.2,Shopping,Online shopping cart,Credit Card
2024-08-27,877.5,Travel,Fuel refill,Net Banking
2024-08-28,1354.47,Travel,Fuel refill,Credit Card
2024-08-29,151.78,Travel,Cab to office,UPI
2024-08-30,224.75,Entertainment,Gaming recharge,Credit Card
2024-08-30,2665.68,Bills,Insurance premium,UPI
2024-09-02,797.04,Travel,Train booking,Credit Card
2024-09-02,353.32,Food,Cafe breakfast,Cash
2024-09-03,344.58,Food,Street food snack,UPI
2024-09-05,868.48,Shopping,Home decor item,Net Banking
2024-09-05,425.72,Shopping,Electronics accessory,UPI
2024-09-06,1820.83,Shopping,Home decor item,Net Banking
2024-09-07,460.93,Health,Gym membership,Credit Card
2024-09-09,1502.24,Groceries,Dairy products purchase,Debit Card
2024-09-09,3386.11,Bills,Water bill,Net Banking
2024-09-09,790.19,Entertainment,OTT subscription,Credit Card
2024-09-09,5084.58,Education,Workshop ticket,UPI
2024-09-10,389.74,Food,Office lunch,UPI
2024-09-10,1732.5,Groceries,Supermarket shopping,Debit Card
2024-09-12,1823.36,Groceries,Dairy products purchase,UPI
2024-09-13,2506.0,Bills,Rent payment,Net Banking
2024-09-14,1612.75,Shopping,Gift purchase,Net Banking
2024-09-15,615.53,Entertainment,Streaming service payment,UPI
2024-09-16,1338.2,Shopping,Flipkart order,UPI
2024-09-17,1133.63,Groceries,Vegetable market,UPI
2024-09-18,1909.76,Groceries,Local grocery shop,Credit Card
2024-09-18,1076.92,Travel,Bus ticket,Debit Card
2024-09-18,948.24,Groceries,Vegetable market,Cash
2024-09-22,759.0,Groceries,BigBasket order,Debit Card
2024-09-22,346.72,Food,Restaurant bill,UPI
2024-09-25,1706.36,Shopping,Gift purchase,UPI
2024-09-26,1609.25,Groceries,Monthly groceries,Debit Card
2024-09-26,471.32,Food,Family dinner,UPI
2024-09-27,1690.24,Shopping,Home decor item,Debit Card
2024-09-28,1790.78,Education,Study material order,Cash
2024-09-29,786.52,Travel,Cab to office,Cash
2024-09-29,3347.8,Bills,Gas bill,Net Banking
2024-09-29,604.46,Food,Swiggy order,Net Banking
2024-09-30,2725.9,Bills,Water bill,Net Banking
2024-09-30,1694.41,Bills,Insurance premium,Net Banking
2024-10-02,409.69,Food,Restaurant bill,UPI
2024-10-02,142.83,Food,Cafe breakfast,UPI
2024-10-05,3314.44,Education,Study material order,Debit Card
2024-10-06,2144.48,Education,Study material order,Debit Card
2024-10-06,881.35,Food,Street food snack,UPI
2024-10-07,1394.12,Groceries,BigBasket order,UPI
2024-10-08,40.0,Shopping,Amazon purchase,Debit Card
2024-10-09,220.64,Travel,Parking charge,Cash
2024-10-12,1451.44,Health,Medical test,UPI
2024-10-12,2687.96,Education,Workshop ticket,UPI
2024-10-13,2895.21,Groceries,Supermarket shopping,
2024-10-16,487.83,Food,Pizza takeaway,Credit Card
2024-10-17,310.69,Food,Restaurant bill,Net Banking
2024-10-17,1089.35,Groceries,BigBasket order,UPI
2024-10-18,4296.02,Education,Coaching class fee,Debit Card
2024-10-18,1204.43,Health,Health supplement,UPI
2024-10-19,1010.25,Shopping,Home decor item,UPI
2024-10-20,617.02,Food,Street food snack,UPI
2024-10-21,2716.09,Shopping,Clothing store,Credit Card
2024-10-21,3304.12,Shopping,Amazon purchase,Credit Card
2024-10-21,3437.61,Shopping,Electronics accessory,Net Banking
2024-10-22,4128.29,Education,Study material order,Credit Card
2024-10-22,2399.48,Education,Certification fee,Credit Card
2024-10-23,1531.14,Groceries,Household essentials,UPI
2024-10-24,1305.97,Shopping,Online shopping cart,Credit Card
2024-10-25,343.98,Food,Family dinner,Cash
2024-10-25,566.28,Food,Pizza takeaway,Cash
2024-10-26,5002.86,Bills,Subscription renewal,Credit Card
2024-10-26,4643.77,Education,Tuition payment,Debit Card
2024-10-26,6531.62,Education,Book purchase,UPI
2024-10-26,347.78,Food,Swiggy order,Credit Card
2024-10-28,960.62,Groceries,Household essentials,Credit Card
2024-10-28,1468.69,Travel,Train booking,Credit Card
2024-10-29,1238.59,Health,Hospital visit,Debit Card
2024-10-29,2509.93,Education,Online course fee,Credit Card
2024-10-30,798.7,Health,Pharmacy purchase,UPI
2024-10-30,824.53,Entertainment,Movie tickets,UPI
2024-10-31,205.08,Shopping,Flipkart order,Credit Card
2024-11-02,3751.02,Shopping,Amazon purchase,Debit Card
2024-11-02,3090.89,Bills,Gas bill,UPI
2024-11-03,2653.29,Shopping,Shoe shopping,Debit Card
2024-11-03,4059.55,Bills,Internet payment,Net Banking
2024-11-04,1353.76,Health,Dental checkup,Debit Card
2024-11-04,1462.63,Bills,Insurance premium,UPI
2024-11-04,3832.27,Bills,Water bill,Net Banking
2024-11-04,1477.62,Groceries,Dairy products purchase,UPI
2024-11-05,392.85,Food,Street food snack,UPI
2024-11-07,790.22,Health,Dental checkup,Net Banking
2024-11-09,620.41,Food,Office lunch,Credit Card
2024-11-09,622.92,Entertainment,Theme park entry,Debit Card
2024-11-10,2039.44,Groceries,BigBasket order,
2024-11-11,1134.45,Health,Eye checkup,Debit Card
2024-11-11,945.51,Groceries,Dairy products purchase,Debit Card
2024-11-12,127.44,Entertainment,Concert pass,UPI
2024-11-14,963.13,Health,Dental checkup,Debit Card
2024-11-14,567.71,Entertainment,Streaming service payment,Debit Card
2024-11-17,1245.91,Entertainment,Movie tickets,Debit Card
2024-11-17,2098.09,Groceries,Fresh produce order,Credit Card
2024-11-18,1149.43,Entertainment,Movie tickets,Cash
2024-11-18,421.15,Food,Swiggy order,UPI
2024-11-19,1430.33,Health,Hospital visit,Credit Card
2024-11-20,371.34,Food,Restaurant bill,Credit Card
2024-11-20,1473.03,Groceries,Fresh produce order,Cash
2024-11-20,815.71,Travel,Cab to office,Cash
2024-11-22,2667.81,Bills,Internet payment,Net Banking
2024-11-23,412.69,Food,Zomato dinner,UPI
2024-11-23,2012.46,Bills,Mobile recharge,Debit Card
2024-11-24,1199.27,Health,Dental checkup,UPI
2024-11-24,1474.14,Travel,Train booking,
2024-11-27,625.39,Entertainment,Weekend outing,Cash
2024-11-28,299.23,Food,Restaurant bill,Net Banking
2024-11-28,2354.61,Groceries,Household essentials,Cash
2024-11-29,2565.67,Bills,Electricity bill,Net Banking
2024-11-30,2415.75,Groceries,Household essentials,Cash
2024-11-30,371.97,Food,Street food snack,UPI
2024-11-30,1382.08,Bills,Gas bill,Net Banking
2024-12-01,1458.06,Shopping,Online shopping cart,Credit Card
2024-12-01,3751.6,Shopping,Online shopping cart,Debit Card
2024-12-01,3135.96,Shopping,Flipkart order,UPI
2024-12-02,2227.84,Groceries,Fresh produce order,Net Banking
2024-12-04,255.86,Food,Zomato dinner,UPI
2024-12-04,557.4,Food,Street food snack,UPI
2024-12-04,,Shopping,Flipkart order,Credit Card
2024-12-05,1833.75,Health,Doctor consultation,Credit Card
2024-12-05,2941.89,Bills,Gas bill,Net Banking
2024-12-06,898.51,Health,Pharmacy purchase,Credit Card
2024-12-06,2866.42,Shopping,Electronics accessory,Debit Card
2024-12-08,2432.88,Groceries,Vegetable market,UPI
2024-12-09,867.55,Entertainment,Streaming service payment,Net Banking
2024-12-13,638.87,Food,Office lunch,Cash
2024-12-14,2848.03,Bills,Water bill,Debit Card
2024-12-14,580.99,Entertainment,Weekend outing,Credit Card
2024-12-16,223.84,Food,Family dinner,UPI
2024-12-16,1297.19,Health,Eye checkup,Credit Card
2024-12-17,1637.51,Bills,Rent payment,Net Banking
2024-12-18,1260.24,Travel,Bus ticket,Cash
2024-12-19,545.41,Food,Cafe breakfast,UPI
2024-12-19,1592.07,Bills,Mobile recharge,Cash
2024-12-20,500.5,Food,Street food snack,UPI
2024-12-20,40.0,Shopping,Flipkart order,Cash
2024-12-22,40.0,Shopping,Shoe shopping,UPI
2024-12-23,414.96,Food,Zomato dinner,UPI
2024-12-23,49.68,Shopping,Home decor item,Net Banking
2024-12-24,901.26,Entertainment,Streaming service payment,Credit Card
2024-12-27,897.73,Entertainment,Movie tickets,Net Banking
2024-12-27,2679.15,Bills,Water bill,Credit Card
2024-12-29,2441.38,Groceries,BigBasket order,Cash
2025-01-02,3783.22,Bills,Mobile recharge,Debit Card
2025-01-02,680.26,Groceries,Local grocery shop,UPI
2025-01-02,737.38,Health,Pharmacy purchase,Cash
2025-01-02,1717.82,Groceries,Dairy products purchase,UPI
2025-01-03,461.51,Health,Health supplement,Net Banking
2025-01-05,473.04,Food,Pizza takeaway,UPI
2025-01-05,1191.73,Health,Pharmacy purchase,UPI
2025-01-06,425.63,Food,Office lunch,Credit Card
2025-01-06,3908.85,Bills,Insurance premium,Net Banking
2025-01-08,1337.39,Shopping,,Credit Card
2025-01-09,525.05,Education,Tuition payment,Net Banking
2025-01-09,436.63,Food,Office lunch,Debit Card
2025-01-09,1393.46,Bills,Subscription renewal,Cash
2025-01-11,2632.89,Education,Coaching class fee,Cash
2025-01-12,1391.22,Travel,Parking charge,Debit Card
2025-01-13,3064.19,Groceries,Household essentials,
2025-01-13,2830.94,Shopping,Online shopping cart,Debit Card
2025-01-13,204.86,Food,Swiggy order,UPI
2025-01-13,378.14,Food,Zomato dinner,
2025-01-15,381.3,Groceries,BigBasket order,Cash
2025-01-16,1731.73,,Uber ride,Credit Card
2025-01-17,1694.62,Groceries,Supermarket shopping,UPI
2025-01-17,511.03,Entertainment,Gaming recharge,Cash
2025-01-18,707.7,Entertainment,OTT subscription,Debit Card
2025-01-18,185.04,Food,Office lunch,UPI
2025-01-20,1387.39,Travel,Parking charge,Credit Card
2025-01-21,2179.61,Shopping,Amazon purchase,Credit Card
2025-01-21,3223.24,Bills,Subscription renewal,Credit Card
2025-01-23,,Food,Family dinner,Debit Card
2025-01-23,2734.51,Bills,Gas bill,Net Banking
2025-01-25,2083.12,Bills,Water bill,Net Banking
2025-01-25,3432.74,Shopping,Home decor item,Debit Card
2025-01-25,500.44,Shopping,Clothing store,UPI
2025-01-26,354.46,Food,Swiggy order,Credit Card
2025-01-26,1276.41,Health,Health supplement,UPI
2025-01-29,1038.39,Entertainment,Movie tickets,UPI
2025-01-30,203.08,Food,Swiggy order,Net Banking
2025-01-31,1707.3,Bills,Mobile recharge,Net Banking
2025-02-02,2179.97,Entertainment,Gaming recharge,Cash
2025-02-05,1521.83,Travel,Flight booking,UPI
2025-02-07,862.73,Groceries,Supermarket shopping,UPI
2025-02-09,3208.56,Bills,Subscription renewal,UPI
2025-02-11,4528.73,Education,Certification fee,UPI
2025-02-11,554.4,Food,Pizza takeaway,Credit Card
2025-02-11,1436.83,Travel,Parking charge,UPI
2025-02-11,1405.61,Travel,Metro recharge,UPI
2025-02-13,94.92,Food,Cafe breakfast,Credit Card
2025-02-13,665.64,Entertainment,Bowling with friends,Debit Card
2025-02-15,82.06,Food,Cafe breakfast,UPI
2025-02-15,973.59,Travel,Uber ride,Debit Card
2025-02-16,283.53,Food,Restaurant bill,UPI
2025-02-17,966.18,Entertainment,OTT subscription,UPI
2025-02-17,1523.29,Groceries,Dairy products purchase,UPI
2025-02-17,3311.89,Shopping,Online shopping cart,Credit Card
2025-02-18,1126.05,Shopping,Amazon purchase,Credit Card
2025-02-19,317.51,Food,Cafe breakfast,UPI
2025-02-19,919.58,Health,Doctor consultation,Net Banking
2025-02-20,2426.27,Groceries,Vegetable market,Cash
2025-02-20,2840.88,Groceries,BigBasket order,UPI
2025-02-20,1631.49,Groceries,Monthly groceries,UPI
2025-02-21,2694.8,Bills,Subscription renewal,UPI
2025-02-21,1813.09,Food,Cafe breakfast,Debit Card
2025-02-21,1909.58,Bills,Subscription renewal,Net Banking
2025-02-22,2243.09,Shopping,Shoe shopping,Debit Card
2025-02-24,3548.31,Bills,Internet payment,Credit Card
2025-02-25,2469.47,Education,Study material order,Net Banking
2025-02-27,1437.54,Bills,Water bill,UPI
2025-03-01,786.74,Health,Doctor consultation,Credit Card
2025-03-01,286.74,Food,Family dinner,UPI
2025-03-01,1251.14,Health,Health supplement,Debit Card
2025-03-02,1206.78,Bills,Internet payment,Net Banking
2025-03-02,2803.64,Bills,Internet payment,UPI
2025-03-03,1907.09,Groceries,Household essentials,Debit Card
2025-03-05,2610.3,Shopping,Amazon purchase,UPI
2025-03-06,2118.61,Groceries,Vegetable market,Debit Card
2025-03-06,946.69,Bills,Gas bill,Cash
2025-03-06,1477.85,Entertainment,Weekend outing,Net Banking
2025-03-08,3303.06,Bills,Insurance premium,Net Banking
2025-03-09,505.88,Travel,Fuel refill,UPI
2025-03-09,616.18,Entertainment,Streaming service payment,UPI
2025-03-09,2935.07,Shopping,Shoe shopping,Credit Card
2025-03-10,995.63,Health,Dental checkup,Debit Card
2025-03-10,1381.83,Groceries,Monthly groceries,Cash
2025-03-11,437.18,Food,Zomato dinner,Debit Card
2025-03-12,3533.48,Education,Workshop ticket,Debit Card
2025-03-13,2717.15,Health,Dental checkup,
2025-03-14,1429.39,Bills,Internet payment,UPI
2025-03-14,1531.78,Travel,Metro recharge,UPI
2025-03-14,903.59,Groceries,Household essentials,Debit Card
2025-03-15,2826.11,Shopping,Home decor item,Debit Card
2025-03-15,436.16,Food,Cafe breakfast,Debit Card
2025-03-16,104.71,Food,Office lunch,UPI
2025-03-16,3160.99,Education,Certification fee,Credit Card
2025-03-18,1588.5,Education,Workshop ticket,Net Banking
2025-03-18,735.18,Travel,Flight booking,Debit Card
2025-03-18,1050.85,Groceries,Local grocery shop,Debit Card
2025-03-19,424.44,Food,Office lunch,UPI
2025-03-19,601.89,Entertainment,Movie tickets,Debit Card
2025-03-19,238.95,Food,Restaurant bill,Net Banking
2025-03-19,293.38,Food,Pizza takeaway,UPI
2025-03-20,3115.84,Travel,Train booking,Net Banking
2025-03-21,2577.06,Health,Health supplement,UPI
2025-03-21,1435.46,Entertainment,Movie tickets,Credit Card
2025-03-21,521.34,Food,Restaurant bill,Credit Card
2025-03-22,286.87,Groceries,Dairy products purchase,UPI
2025-03-22,825.39,Food,Pizza takeaway,UPI
2025-03-23,1455.74,Groceries,Fresh produce order,Cash
2025-03-23,2113.94,Bills,Insurance premium,Net Banking
2025-03-25,1785.65,Bills,Gas bill,
2025-03-26,425.37,Bills,Water bill,Net Banking
2025-03-27,1175.67,Entertainment,Theme park entry,UPI
2025-03-27,259.12,Food,Restaurant bill,Net Banking
2025-03-28,759.87,Shopping,Flipkart order,Credit Card
2025-03-29,1401.34,Shopping,Home decor item,UPI
2025-03-29,820.29,Shopping,Shoe shopping,Debit Card
2025-03-29,2346.2,Groceries,BigBasket order,UPI
2025-03-30,433.67,Food,Zomato dinner,UPI
2025-03-30,1133.12,Travel,Train booking,Credit Card
2025-03-31,633.9,Groceries,Household essentials,UPI
2025-03-31,499.53,Food,Cafe breakfast,UPI
2025-04-01,275.1,Health,Pharmacy purchase,Net Banking
2025-04-01,150.14,Food,Family dinner,Credit Card
2025-04-01,1982.49,Bills,Electricity bill,Net Banking
2025-04-02,346.68,Food,Street food snack,UPI
2025-04-02,3152.99,Education,Online course fee,UPI
2025-04-03,876.88,Entertainment,Movie tickets,Net Banking
2025-04-03,1748.2,Travel,Bus ticket,Debit Card
2025-04-03,1714.02,Groceries,BigBasket order,Cash
2025-04-04,499.35,Food,Family dinner,UPI
2025-04-04,1420.39,Groceries,Household essentials,Credit Card
2025-04-06,1807.84,Health,Hospital visit,UPI
2025-04-06,655.15,Entertainment,Gaming recharge,Debit Card
2025-04-07,742.34,Bills,Subscription renewal,UPI
2025-04-07,295.02,Food,Zomato dinner,UPI
2025-04-08,1632.5,Groceries,Fresh produce order,UPI
2025-04-09,87.65,Bills,Rent payment,Net Banking
2025-04-09,637.34,Food,Swiggy order,UPI
2025-04-09,4879.04,Education,Tuition payment,Credit Card
2025-04-12,474.7,Food,Office lunch,UPI
2025-04-12,1750.4,Travel,Train booking,UPI
2025-04-12,2366.76,Entertainment,Concert pass,Debit Card
2025-04-12,2139.91,Groceries,Supermarket shopping,UPI
2025-04-12,925.14,Entertainment,OTT subscription,Credit Card
2025-04-13,12552.57,Bills,Rent payment,Net Banking
2025-04-13,1303.22,Travel,Flight booking,Credit Card
2025-04-13,1031.97,Entertainment,Theme park entry,UPI
2025-04-16,1547.79,Shopping,Clothing store,Credit Card
2025-04-16,316.79,Entertainment,OTT subscription,
2025-04-16,409.25,Food,Street food snack,Credit Card
2025-04-17,2322.43,Shopping,Shoe shopping,Credit Card
2025-04-17,13064.96,Shopping,Clothing store,Net Banking
2025-04-17,4517.42,Bills,Rent payment,Credit Card
2025-04-18,129.27,Food,Street food snack,
2025-04-18,3527.59,Shopping,Online shopping cart,Net Banking
2025-04-18,446.17,Travel,Metro recharge,Cash
2025-04-19,3355.03,Bills,Gas bill,Cash
2025-04-20,2361.45,Bills,Insurance premium,Net Banking
2025-04-20,1594.59,Groceries,Local grocery shop,Cash
2025-04-21,877.52,Entertainment,Bowling with friends,Debit Card
2025-04-23,954.04,Shopping,Electronics accessory,Credit Card
2025-04-23,2530.2,Shopping,Amazon purchase,Net Banking
2025-04-23,674.26,Groceries,BigBasket order,Cash
2025-04-24,,Travel,Flight booking,Credit Card
2025-04-24,1379.04,Groceries,Local grocery shop,UPI
2025-04-24,189.6,Food,Zomato dinner,Credit Card
2025-04-24,40.0,Groceries,Fresh produce order,Net Banking
2025-04-24,1143.74,Groceries,Local grocery shop,UPI
2025-04-24,960.27,Groceries,Dairy products purchase,UPI
2025-04-25,10631.9,Groceries,Supermarket shopping,Credit Card
2025-04-25,3883.72,Bills,Mobile recharge,Credit Card
2025-04-28,1518.1,Health,Dental checkup,Cash
2025-04-28,2781.49,Bills,Electricity bill,Net Banking
2025-04-28,4277.03,Education,Book purchase,Net Banking
2025-04-30,2338.86,Education,Online course fee,UPI
2025-04-30,1035.92,Entertainment,Movie tickets,UPI
2025-05-01,1832.33,Groceries,Local grocery shop,UPI
2025-05-02,1618.85,Groceries,Fresh produce order,Credit Card
2025-05-04,1886.45,Bills,Electricity bill,Net Banking
2025-05-04,260.47,Food,Restaurant bill,Debit Card
2025-05-05,317.03,Food,Family dinner,UPI
2025-05-06,515.32,Entertainment,Theme park entry,Debit Card
2025-05-06,306.96,Food,Cafe breakfast,Debit Card
2025-05-07,418.6,Entertainment,OTT subscription,UPI
2025-05-07,1758.58,Travel,Cab to office,UPI
2025-05-08,1203.67,Entertainment,Theme park entry,UPI
2025-05-10,3870.16,Education,Exam registration,Net Banking
2025-05-10,4820.83,Bills,Gas bill,Debit Card
2025-05-12,4873.34,Bills,Water bill,Credit Card
2025-05-12,2164.78,Groceries,BigBasket order,UPI
2025-05-13,1951.53,Health,Doctor consultation,Cash
2025-05-13,1941.12,Groceries,Fresh produce order,UPI
2025-05-13,315.65,Food,Pizza takeaway,Cash
2025-05-14,2590.84,Bills,Electricity bill,Net Banking
2025-05-15,2921.81,Education,Tuition payment,UPI
2025-05-17,965.75,Entertainment,Streaming service payment,Debit Card
2025-05-19,828.63,Shopping,Gift purchase,Credit Card
2025-05-19,401.94,Groceries,Dairy products purchase,Credit Card
2025-05-21,776.13,Entertainment,Gaming recharge,UPI
2025-05-21,2864.37,Shopping,Clothing store,Credit Card
2025-05-22,1723.02,Groceries,Monthly groceries,Credit Card
2025-05-23,669.45,Entertainment,OTT subscription,UPI
2025-05-23,1730.9,Entertainment,OTT subscription,Debit Card
2025-05-24,2372.5,Bills,Insurance premium,UPI
2025-05-25,4745.69,Entertainment,Weekend outing,Credit Card
2025-05-25,2904.33,Bills,Internet payment,UPI
2025-05-25,1718.95,Bills,Internet payment,UPI
2025-05-25,19096.04,Education,Online course fee,UPI
2025-05-25,3210.21,Bills,Electricity bill,Net Banking
2025-05-26,3933.84,Bills,Mobile recharge,Debit Card
2025-05-27,1051.2,Entertainment,OTT subscription,Net Banking
2025-05-29,463.1,Food,Family dinner,Net Banking
2025-05-29,40.0,Shopping,Clothing store,Debit Card
2025-05-29,1261.67,Entertainment,Weekend outing,Cash
2025-05-29,1592.76,Shopping,Flipkart order,Credit Card
2025-05-29,542.44,Food,Family dinner,UPI
2025-06-01,1234.73,Groceries,Dairy products purchase,Cash
2025-06-02,2716.3,Bills,Water bill,Net Banking
2025-06-03,126.86,Food,Street food snack,UPI
2025-06-03,1530.93,Groceries,Monthly groceries,Net Banking
2025-06-04,686.77,Food,Restaurant bill,Cash
2025-06-04,13542.86,Bills,Subscription renewal,Net Banking
2025-06-06,1628.87,Groceries,Vegetable market,Net Banking
2025-06-07,2787.59,Groceries,Supermarket shopping,Debit Card
2025-06-07,878.08,Food,Family dinner,Cash
2025-06-08,672.03,Groceries,Monthly groceries,UPI
2025-06-08,1531.86,Groceries,Vegetable market,UPI
2025-06-09,661.22,Shopping,Home decor item,Net Banking
2025-06-11,1762.55,Travel,Flight booking,UPI
2025-06-11,1021.39,Entertainment,OTT subscription,Net Banking
2025-06-12,485.81,Entertainment,OTT subscription,Credit Card
2025-06-13,2987.6,Groceries,Monthly groceries,UPI
2025-06-15,394.55,Food,Family dinner,Net Banking
2025-06-15,1750.01,Groceries,Monthly groceries,Debit Card
2025-06-18,1591.13,Bills,Rent payment,Net Banking
2025-06-18,506.78,Food,Family dinner,Credit Card
2025-06-20,1779.59,Bills,Internet payment,Debit Card
2025-06-22,1342.48,Entertainment,Concert pass,Credit Card
2025-06-22,3398.32,Bills,Insurance premium,UPI
2025-06-22,628.02,Food,Pizza takeaway,UPI
2025-06-23,1007.71,Groceries,Supermarket shopping,Cash
2025-06-24,1578.3,Groceries,Dairy products purchase,Credit Card
2025-06-25,1783.45,Groceries,Local grocery shop,UPI
2025-06-26,498.31,Food,Cafe breakfast,Net Banking
2025-06-27,1538.25,Shopping,Electronics accessory,UPI
2025-06-28,881.63,Entertainment,Concert pass,Credit Card
2025-06-28,1335.06,Groceries,Vegetable market,UPI
2025-07-01,2716.15,Bills,Mobile recharge,Net Banking
2025-07-01,630.09,Shopping,Flipkart order,UPI
2025-07-01,3602.85,Bills,Internet payment,UPI
2025-07-01,2641.73,Education,Online course fee,Debit Card
2025-07-03,1896.38,Bills,Subscription renewal,Credit Card
2025-07-03,806.63,Travel,Cab to office,UPI
2025-07-04,1306.6,Entertainment,Weekend outing,Cash
2025-07-04,160.49,Food,Office lunch,Debit Card
2025-07-05,4200.13,Shopping,Shoe shopping,Net Banking
2025-07-05,784.83,Food,Street food snack,UPI
2025-07-06,4527.25,Bills,Subscription renewal,Debit Card
2025-07-07,2319.41,Shopping,Flipkart order,Net Banking
2025-07-10,484.27,Food,Street food snack,UPI
2025-07-10,1603.92,Groceries,Vegetable market,Credit Card
2025-07-11,2019.42,Groceries,Fresh produce order,UPI
2025-07-12,979.62,Shopping,Electronics accessory,UPI
2025-07-12,3050.53,Bills,Water bill,Credit Card
2025-07-14,953.41,Entertainment,Movie tickets,UPI
2025-07-15,349.05,Food,Pizza takeaway,UPI
2025-07-15,40.0,Shopping,Shoe shopping,Debit Card
2025-07-16,1108.67,Bills,Insurance premium,Net Banking
2025-07-17,1764.12,Groceries,Monthly groceries,Net Banking
2025-07-18,890.64,Entertainment,Streaming service payment,Debit Card
2025-07-18,1270.45,Groceries,Dairy products purchase,Cash
2025-07-19,373.45,Food,Swiggy order,Debit Card
2025-07-19,714.74,Food,Family dinner,UPI
2025-07-20,4071.05,Shopping,Amazon purchase,Credit Card
2025-07-20,403.33,Food,Swiggy order,Net Banking
2025-07-21,3205.3,Shopping,Flipkart order,Credit Card
2025-07-21,1169.56,Food,Street food snack,UPI
2025-07-21,2301.59,Bills,Mobile recharge,Net Banking
2025-07-21,294.41,Food,Street food snack,UPI
2025-07-22,4039.14,Shopping,Amazon purchase,Cash
2025-07-22,375.84,Health,Health supplement,UPI
2025-07-23,349.22,Food,Restaurant bill,UPI
2025-07-25,1989.23,Bills,Internet payment,UPI
2025-07-26,2507.44,Groceries,Dairy products purchase,UPI
2025-07-27,1222.65,Entertainment,Weekend outing,UPI
2025-07-28,246.03,Food,Family dinner,UPI
2025-07-28,1545.53,Groceries,Supermarket shopping,Debit Card
2025-07-29,3137.77,Bills,Rent payment,Net Banking
2025-07-29,367.38,Food,Family dinner,Net Banking
2025-07-30,1295.22,Groceries,Household essentials,UPI
2025-07-31,1724.05,Bills,Insurance premium,UPI
2025-07-31,212.36,Food,Swiggy order,Debit Card
2025-07-31,1805.82,Groceries,BigBasket order,UPI
2025-08-01,1852.09,Bills,Subscription renewal,Credit Card
2025-08-01,929.83,Shopping,Electronics accessory,UPI
2025-08-02,694.75,Food,Zomato dinner,Credit Card
2025-08-03,1714.42,Shopping,Clothing store,Credit Card
2025-08-05,3784.54,Bills,Subscription renewal,Net Banking
2025-08-05,4120.7,Education,Exam registration,Debit Card
2025-08-06,484.81,Food,Swiggy order,Cash
2025-08-07,1590.77,Shopping,Online shopping cart,Credit Card
2025-08-08,1801.59,Entertainment,Concert pass,Credit Card
2025-08-08,4347.02,Education,Certification fee,Debit Card
2025-08-08,879.48,Groceries,Monthly groceries,Debit Card
2025-08-10,3630.89,Shopping,Electronics accessory,Credit Card
2025-08-12,316.61,Food,Street food snack,UPI
2025-08-14,1686.03,Health,Health supplement,Net Banking
2025-08-14,4765.55,Education,Study material order,Cash
2025-08-14,2484.47,Bills,Gas bill,UPI
2025-08-17,1214.21,Groceries,Vegetable market,Net Banking
2025-08-18,601.8,Groceries,Monthly groceries,UPI
2025-08-18,439.73,Food,Swiggy order,Credit Card
2025-08-21,430.77,Food,Office lunch,UPI
2025-08-23,469.7,Food,Family dinner,UPI
2025-08-24,2384.01,Shopping,Online shopping cart,Debit Card
2025-08-24,1399.04,Groceries,Local grocery shop,UPI
2025-08-24,809.55,Food,Family dinner,UPI
2025-08-25,320.39,Food,Cafe breakfast,UPI
2025-08-25,1845.83,Groceries,BigBasket order,Cash
2025-08-26,1672.07,Groceries,Monthly groceries,Cash
2025-08-28,575.21,Entertainment,Streaming service payment,Credit Card
2025-08-28,256.03,Food,Swiggy order,UPI
2025-08-31,1833.15,Groceries,Dairy products purchase,UPI
2025-09-01,1683.61,Health,Gym membership,Debit Card
2025-09-02,1728.66,Groceries,Household essentials,Net Banking
2025-09-02,1275.0,Shopping,Home decor item,Credit Card
2025-09-04,288.7,Food,Cafe breakfast,Debit Card
2025-09-05,947.48,Travel,Train booking,UPI
2025-09-06,4833.47,Education,Certification fee,Net Banking
2025-09-07,1507.6,Travel,Fuel refill,Credit Card
2025-09-07,6542.13,Entertainment,Movie tickets,UPI
2025-09-08,7647.41,Bills,Water bill,Net Banking
2025-09-10,1296.97,Travel,Cab to office,Credit Card
2025-09-10,407.28,Entertainment,Movie tickets,UPI
2025-09-11,639.84,Food,Street food snack,UPI
2025-09-11,487.95,Food,Family dinner,Credit Card
2025-09-13,1282.67,Entertainment,Weekend outing,UPI
2025-09-14,432.66,Food,Street food snack,UPI
2025-09-16,1123.27,Health,Hospital visit,Credit Card
2025-09-17,502.42,Food,Swiggy order,Debit Card
2025-09-17,1618.72,Travel,Bus ticket,Credit Card
2025-09-19,976.49,Groceries,Household essentials,UPI
2025-09-19,794.85,Travel,Metro recharge,UPI
2025-09-20,1183.27,Groceries,BigBasket order,Cash
2025-09-20,2081.48,Entertainment,Theme park entry,Credit Card
2025-09-21,2561.95,Groceries,Household essentials,Net Banking
2025-09-22,301.97,Food,Family dinner,UPI
2025-09-24,564.58,Food,Pizza takeaway,UPI
2025-09-24,163.31,Travel,Train booking,Cash
2025-09-26,610.14,Food,Cafe breakfast,UPI
2025-09-27,2516.98,Groceries,Supermarket shopping,Credit Card
2025-09-27,4178.09,Education,Study material order,Net Banking
2025-09-27,1195.8,Shopping,Home decor item,Debit Card
2025-10-01,2136.34,Education,Study material order,Net Banking
2025-10-02,1018.58,Groceries,Dairy products purchase,UPI
2025-10-02,2197.33,Travel,Train booking,UPI
2025-10-02,758.65,Travel,Bus ticket,Debit Card
2025-10-04,1783.01,Groceries,Supermarket shopping,Credit Card
2025-10-06,2351.52,Groceries,Vegetable market,Cash
2025-10-06,328.8,Food,Family dinner,Credit Card
2025-10-06,1563.57,Groceries,BigBasket order,Cash
2025-10-07,371.0,Groceries,Monthly groceries,Net Banking
2025-10-07,976.35,Travel,Flight booking,Cash
2025-10-07,5560.37,Bills,Water bill,Net Banking
2025-10-08,2863.58,Bills,Water bill,UPI
2025-10-08,1710.66,Health,Health supplement,Debit Card
2025-10-10,1146.28,Education,Tuition payment,Net Banking
2025-10-10,3669.48,Shopping,Amazon purchase,Credit Card
2025-10-11,1548.12,Education,Online course fee,Credit Card
2025-10-12,462.9,Food,Family dinner,UPI
2025-10-12,275.27,Food,Pizza takeaway,UPI
2025-10-13,4003.75,Bills,Electricity bill,Cash
2025-10-13,147.1,Food,Restaurant bill,Credit Card
2025-10-13,679.25,Entertainment,Streaming service payment,Debit Card
2025-10-14,99.68,Education,Study material order,Net Banking
2025-10-14,1528.15,Groceries,Fresh produce order,Debit Card
2025-10-14,948.73,Groceries,Dairy products purchase,UPI
2025-10-15,1250.42,Entertainment,Movie tickets,Net Banking
2025-10-15,2530.3,Bills,Electricity bill,Net Banking
2025-10-15,359.89,Health,Pharmacy purchase,Debit Card
2025-10-15,4582.58,Education,Workshop ticket,Cash
2025-10-15,1184.06,Groceries,Vegetable market,UPI
2025-10-16,1526.14,,Parking charge,Debit Card
2025-10-16,1813.09,Groceries,BigBasket order,Credit Card
2025-10-16,131.83,Food,Family dinner,Credit Card
2025-10-16,2854.86,Shopping,Amazon purchase,Debit Card
2025-10-16,40.0,Shopping,Home decor item,UPI
2025-10-19,3296.1,Bills,Water bill,Cash
2025-10-19,4491.01,Bills,Mobile recharge,Net Banking
2025-10-21,40.0,Health,Pharmacy purchase,UPI
2025-10-23,2378.25,Shopping,Electronics accessory,Debit Card
2025-10-24,858.28,Bills,Internet payment,Credit Card
2025-10-25,2211.95,Groceries,Household essentials,Credit Card
2025-10-25,366.04,Food,Swiggy order,UPI
2025-10-25,5620.66,Shopping,Gift purchase,Cash
2025-10-25,696.6,Food,Family dinner,UPI
2025-10-25,967.56,Food,Swiggy order,Debit Card
2025-10-25,3075.46,Bills,Mobile recharge,Credit Card
2025-10-27,2860.29,Bills,Subscription renewal,Net Banking
2025-10-28,1142.23,Education,Workshop ticket,Credit Card
2025-10-29,997.93,Groceries,Local grocery shop,UPI
2025-10-30,1644.53,Groceries,BigBasket order,Cash
2025-10-31,497.63,Food,Street food snack,UPI
2025-11-01,2335.17,Travel,Cab to office,Net Banking
2025-11-01,527.0,Food,Pizza takeaway,Credit Card
2025-11-01,660.57,Food,Zomato dinner,Net Banking
2025-11-02,129.18,Food,Zomato dinner,UPI
2025-11-03,2047.66,Shopping,Electronics accessory,Credit Card
2025-11-04,1255.98,Groceries,Dairy products purchase,Credit Card
2025-11-04,2585.27,Shopping,,UPI
2025-11-06,874.1,Entertainment,OTT subscription,Net Banking
2025-11-07,941.94,Travel,Fuel refill,UPI
2025-11-09,524.41,Travel,Cab to office,Net Banking
2025-11-09,1741.6,Travel,Fuel refill,UPI
2025-11-10,1670.7,Bills,Gas bill,Net Banking
2025-11-10,1308.47,Groceries,Dairy products purchase,UPI
2025-11-10,1801.14,Shopping,Home decor item,Net Banking
2025-11-13,168.4,Food,Street food snack,Credit Card
2025-11-16,106.81,Travel,Bus ticket,Credit Card
2025-11-17,673.32,Entertainment,Weekend outing,UPI
2025-11-17,971.95,Entertainment,OTT subscription,Credit Card
2025-11-17,2758.15,Bills,Insurance premium,Credit Card
2025-11-18,1571.89,Travel,Bus ticket,Credit Card
2025-11-18,1875.89,Travel,Parking charge,Net Banking
2025-11-18,1027.9,Health,Eye checkup,UPI
2025-11-18,553.37,Health,Medical test,UPI
2025-11-19,482.86,Food,Swiggy order,UPI
2025-11-19,1462.02,Groceries,Fresh produce order,Cash
2025-11-20,668.88,Food,Office lunch,Debit Card
2025-11-23,3530.5,Shopping,Home decor item,Credit Card
2025-11-23,1220.5,Groceries,Household essentials,Credit Card
2025-11-25,574.98,Health,Pharmacy purchase,UPI
2025-11-26,359.56,Food,Zomato dinner,UPI
2025-11-27,229.57,Food,Street food snack,Credit Card
2025-11-28,508.18,Food,Cafe breakfast,UPI
2025-11-28,3255.63,Bills,Subscription renewal,Net Banking
2025-11-28,517.35,Travel,Cab to office,Cash
2025-11-29,413.29,Groceries,Vegetable market,UPI
2025-11-29,613.19,Food,Office lunch,UPI
2025-11-29,2958.69,Groceries,Local grocery shop,Debit Card
2025-11-30,783.35,Food,,Credit Card
2025-11-30,2179.96,Bills,Water bill,Net Banking
2025-11-30,682.1,Bills,Electricity bill,Net Banking
2025-12-01,563.91,Food,Office lunch,Net Banking
2025-12-03,4179.32,Shopping,Amazon purchase,UPI
2025-12-04,3842.93,Shopping,Amazon purchase,Net Banking
2025-12-05,1415.08,Entertainment,Weekend outing,UPI
2025-12-05,4971.69,Groceries,Dairy products purchase,UPI
2025-12-06,646.79,Food,Swiggy order,Credit Card
2025-12-07,727.04,Groceries,Supermarket shopping,Credit Card
2025-12-08,1612.52,Shopping,Shoe shopping,Debit Card
2025-12-09,3856.99,Shopping,Clothing store,UPI
2025-12-09,,Food,Restaurant bill,UPI
2025-12-10,1839.67,Groceries,BigBasket order,UPI
2025-12-10,432.26,Food,Pizza takeaway,Credit Card
2025-12-11,3410.73,Shopping,Flipkart order,Credit Card
2025-12-13,318.67,Food,Family dinner,UPI
2025-12-13,2111.13,Shopping,Clothing store,Debit Card
2025-12-14,366.86,Food,Office lunch,UPI
2025-12-15,1227.1,Groceries,Monthly groceries,UPI
2025-12-15,1982.02,Groceries,,UPI
2025-12-15,2288.85,Bills,Rent payment,Debit Card
2025-12-15,1196.52,Groceries,Monthly groceries,Debit Card
2025-12-15,1157.84,Travel,Uber ride,UPI
2025-12-15,4393.01,Education,Certification fee,UPI
2025-12-16,2347.56,Groceries,Supermarket shopping,Cash
2025-12-16,1404.16,Shopping,Flipkart order,Credit Card
2025-12-17,640.1,Education,Exam registration,Net Banking
2025-12-17,763.33,Entertainment,Movie tickets,Debit Card
2025-12-17,4133.04,Health,Hospital visit,Credit Card
2025-12-18,4369.58,Bills,Subscription renewal,UPI
2025-12-18,1494.23,Bills,Gas bill,Credit Card
2025-12-20,428.37,Entertainment,Streaming service payment,Cash
2025-12-20,1742.17,Bills,Gas bill,Credit Card
2025-12-21,369.76,Food,Office lunch,Credit Card
2025-12-21,1689.04,Groceries,Monthly groceries,Net Banking
2025-12-24,910.99,Shopping,Clothing store,Debit Card
2025-12-24,1647.33,Groceries,BigBasket order,UPI
2025-12-24,4040.73,Education,Tuition payment,Credit Card
2025-12-25,1574.05,Groceries,Local grocery shop,Cash
2025-12-25,1202.13,Bills,Internet payment,UPI
2025-12-26,1484.22,Entertainment,Streaming service payment,Net Banking
2025-12-26,463.64,Food,Zomato dinner,Credit Card
2025-12-27,1950.33,Groceries,Fresh produce order,UPI
2025-12-30,770.53,Entertainment,Streaming service payment,Cash
2025-12-30,992.35,Entertainment,Concert pass,Credit Card
2025-12-30,969.83,Entertainment,Bowling with friends,Debit Card
2025-12-31,,Food,Cafe breakfast,Net Banking
2025-12-31,4733.38,Shopping,Flipkart order,Cash
2026-04-07,4500.0,Food,protein powder,UPI
2026-04-07,45000000000.0,Food,protein powder,UPI
